place_id,name,aliases,address,sido,sigungu,lat,lng,lat_min,lat_max,lng_min,lng_max,google_maps_url,naver_maps_url,match_method,match_confidence,source_ids,display_name,elevation,slope,aspect,ridge_id
plc_001,대구,대邱|달성,대구광역시,대구광역시,,35.8713,128.6018,35.6067585,36.3271116,128.3511837,128.8994336,"https://www.google.com/maps/search/?api=1&query=35.8713,128.6018",https://map.naver.com/v5/search/%EB%8C%80%EA%B5%AC%EA%B4%91%EC%97%AD%EC%8B%9C,nominatim,0.9,doc_0060|doc_0061|doc_0062|doc_0063|doc_0064|doc_0065|doc_0066|doc_0067|doc_0068|doc_0069|doc_0070|doc_0071|doc_0072,"대구광역시, 대한민국",40.84,0.52,9.91,
plc_002,달성,達城,대구광역시 달성군,대구광역시,달성군,35.7753,128.4312,35.6067585,35.9431103,128.3511837,128.6966243,"https://www.google.com/maps/search/?api=1&query=35.7753,128.4312",https://map.naver.com/v5/search/%EB%8C%80%EA%B5%AC%EA%B4%91%EC%97%AD%EC%8B%9C%20%EB%8B%AC%EC%84%B1%EA%B5%B0,nominatim,0.9,doc_0038|doc_0039|doc_0040|doc_0041|doc_0042|doc_0043|doc_0044|doc_0045|doc_0046|doc_0047|doc_0048|doc_0049|doc_0050|doc_0051|doc_0052|doc_0053|doc_0054|doc_0055|doc_0056|doc_0057|doc_0058|doc_0059,"달성군, 대구광역시, 대한민국",57.81,4.39,320.73,
plc_003,청도,淸道,경상북도 청도군,경상북도,청도군,35.6473012,128.7348468,35.5663752,35.8461347,128.5264586,129.0471979,"https://www.google.com/maps/search/?api=1&query=35.6473012,128.7348468",https://map.naver.com/v5/search/%EA%B2%BD%EC%83%81%EB%B6%81%EB%8F%84%20%EC%B2%AD%EB%8F%84%EA%B5%B0,nominatim,0.9,doc_0073|doc_0074|doc_0075|doc_0076|doc_0077|doc_0078|doc_0079|doc_0080|doc_0081|doc_0082|doc_0083|doc_0084|doc_0085|doc_0086|doc_0087|doc_0088|doc_0089|doc_0090|doc_0091|doc_0092|doc_0093|doc_0094|doc_0095,"청도군, 경상북도, 대한민국",90.96,2.41,49.77,
plc_004,밀양,密陽,경상남도 밀양시,경상남도,밀양시,35.503839,128.7466992,35.3443694,35.6388138,128.5724402,129.0254953,"https://www.google.com/maps/search/?api=1&query=35.503839,128.7466992",https://map.naver.com/v5/search/%EA%B2%BD%EC%83%81%EB%82%A8%EB%8F%84%20%EB%B0%80%EC%96%91%EC%8B%9C,nominatim,0.9,doc_0096|doc_0097|doc_0098|doc_0099|doc_0100|doc_0101|doc_0102|doc_0103|doc_0104|doc_0105|doc_0106|doc_0107|doc_0108|doc_0109|doc_0110|doc_0111|doc_0112|doc_0113|doc_0114|doc_0115|doc_0116|doc_0117|doc_0118|doc_0119|doc_0120|doc_0121|doc_0122|doc_0123,"밀양시, 경상남도, 대한민국",27.11,2.10,196.66,
plc_005,창녕,昌寧,경상남도 창녕군,경상남도,창녕군,35.5443876,128.4921938,35.3731575,35.6823849,128.3492242,128.6517277,"https://www.google.com/maps/search/?api=1&query=35.5443876,128.4921938",https://map.naver.com/v5/search/%EA%B2%BD%EC%83%81%EB%82%A8%EB%8F%84%20%EC%B0%BD%EB%85%95%EA%B5%B0,nominatim,0.9,doc_0124|doc_0125|doc_0126|doc_0127|doc_0128|doc_0129|doc_0130|doc_0131|doc_0132|doc_0133|doc_0134|doc_0135|doc_0136|doc_0137|doc_0138|doc_0139|doc_0140|doc_0141|doc_0142|doc_0143|doc_0144|doc_0145|doc_0146|doc_0147|doc_0148|doc_0149|doc_0150|doc_0151|doc_0152|doc_0153|doc_0154|doc_0155|doc_0156|doc_0157|doc_0158|doc_0159|doc_0160|doc_0161|doc_0162|doc_0163,"창녕군, 경상남도, 대한민국",67.94,3.57,190.60,
plc_006,동래,東萊,부산광역시 동래구,부산광역시,동래구,35.2052,129.0837,35.1826841,35.2258841,129.0434213,129.1164467,"https://www.google.com/maps/search/?api=1&query=35.2052,129.0837",https://map.naver.com/v5/search/%EB%B6%80%EC%82%B0%EA%B4%91%EC%97%AD%EC%8B%9C%20%EB%8F%99%EB%9E%98%EA%B5%AC,nominatim,0.9,doc_0164|doc_0165|doc_0166|doc_0167|doc_0168|doc_0169|doc_0170|doc_0171|doc_0172|doc_0173|doc_0174|doc_0175|doc_0176|doc_0177|doc_0178|doc_0179|doc_0180|doc_0181|doc_0182|doc_0183|doc_0184|doc_0185|doc_0186|doc_0187|doc_0188|doc_0189|doc_0190|doc_0191|doc_0192|doc_0193|doc_0194,"동래구, 부산광역시, 대한민국",9.37,1.35,236.28,
plc_007,울산,蔚山,울산광역시,울산광역시,,35.5391697,129.3119136,35.1861705,35.7244899,128.9707354,129.720619,"https://www.google.com/maps/search/?api=1&query=35.5391697,129.3119136",https://map.naver.com/v5/search/%EC%9A%B8%EC%82%B0%EA%B4%91%EC%97%AD%EC%8B%9C,nominatim,0.9,doc_0195|doc_0196|doc_0197|doc_0198|doc_0199|doc_0200|doc_0201|doc_0202|doc_0203|doc_0204|doc_0205|doc_0206|doc_0207|doc_0208|doc_0209|doc_0210|doc_0211|doc_0212|doc_0213,"울산광역시, 대한민국",8.91,1.14,67.90,
plc_008,기장,機張,부산광역시 기장군,부산광역시,기장군,35.2447818,129.2215462,35.124344,35.3892236,129.1092904,129.4889527,"https://www.google.com/maps/search/?api=1&query=35.2447818,129.2215462",https://map.naver.com/v5/search/%EB%B6%80%EC%82%B0%EA%B4%91%EC%97%AD%EC%8B%9C%20%EA%B8%B0%EC%9E%A5%EA%B5%B0,nominatim,0.9,doc_0214|doc_0215|doc_0216|doc_0217|doc_0218|doc_0219|doc_0220|doc_0221,"기장군, 부산광역시, 대한민국",11.86,2.04,26.35,
plc_009,언양,彦陽,울산광역시 울주군 언양읍,울산광역시,울주군,35.5688426,129.1255144,35.5685708,35.5694706,129.1251315,129.125882,"https://www.google.com/maps/search/?api=1&query=35.5688426,129.1255144",https://map.naver.com/v5/search/%EC%9A%B8%EC%82%B0%EA%B4%91%EC%97%AD%EC%8B%9C%20%EC%9A%B8%EC%A3%BC%EA%B5%B0%20%EC%96%B8%EC%96%91%EC%9D%8D,nominatim,0.9,doc_0222|doc_0223|doc_0225,"언양읍 행정 복지센터 공원, 울주군, 울산광역시, 대한민국",75.71,0.30,120.01,
plc_010,경주,慶州,경상북도 경주시,경상북도,경주시,35.8556705,129.2248811,35.6334917,36.0793495,128.9701795,129.5543,"https://www.google.com/maps/search/?api=1&query=35.8556705,129.2248811",https://map.naver.com/v5/search/%EA%B2%BD%EC%83%81%EB%B6%81%EB%8F%84%20%EA%B2%BD%EC%A3%BC%EC%8B%9C,nominatim,0.9,doc_0224|doc_0226|doc_0227|doc_0228|doc_0229|doc_0230|doc_0231|doc_0232|doc_0233|doc_0234|doc_0235,"경주시, 경상북도, 대한민국",44.04,0.29,300.47,
plc_011,현풍,玄風,대구광역시 달성군 현풍읍,대구광역시,달성군,35.6974883,128.4475083,35.6558428,35.7188889,128.368945,128.4638429,"https://www.google.com/maps/search/?api=1&query=35.6974883,128.4475083",https://map.naver.com/v5/search/%EB%8C%80%EA%B5%AC%EA%B4%91%EC%97%AD%EC%8B%9C%20%EB%8B%AC%EC%84%B1%EA%B5%B0%20%ED%98%84%ED%92%8D%EC%9D%8D,nominatim,0.9,doc_0236|doc_0237|doc_0238|doc_0239|doc_0240,"현풍읍, 달성군, 대구광역시, 대한민국",28.52,1.96,198.96,
plc_012,자인,慈仁,경상북도 경산시 자인면,경상북도,경산시,35.82159,128.82356,35.7940787,35.8509899,128.7884482,128.8579933,"https://www.google.com/maps/search/?api=1&query=35.82159,128.82356",https://map.naver.com/v5/search/%EA%B2%BD%EC%83%81%EB%B6%81%EB%8F%84%20%EA%B2%BD%EC%82%B0%EC%8B%9C%20%EC%9E%90%EC%9D%B8%EB%A9%B4,nominatim,0.9,,"자인면, 경산시, 경상북도, 38555, 대한민국",67.34,1.34,184.38,
plc_013,경산,慶山,경상북도 경산시,경상북도,경산시,35.825122,128.741329,35.7000759,35.9939452,128.6816147,128.9713812,"https://www.google.com/maps/search/?api=1&query=35.825122,128.741329",https://map.naver.com/v5/search/%EA%B2%BD%EC%83%81%EB%B6%81%EB%8F%84%20%EA%B2%BD%EC%82%B0%EC%8B%9C,nominatim,0.9,doc_0241|doc_0242|doc_0243|doc_0244,"경산시, 경상북도, 대한민국",61.05,1.58,170.86,
plc_014,하양,河陽,경상북도 경산시 하양읍,경상북도,경산시,35.9166162,128.8066711,35.8646491,35.9485188,128.7377103,128.8418636,"https://www.google.com/maps/search/?api=1&query=35.9166162,128.8066711",https://map.naver.com/v5/search/%EA%B2%BD%EC%83%81%EB%B6%81%EB%8F%84%20%EA%B2%BD%EC%82%B0%EC%8B%9C%20%ED%95%98%EC%96%91%EC%9D%8D,nominatim,0.9,doc_0246,"하양읍, 경산시, 경상북도, 대한민국",65.67,0.94,39.79,
plc_015,양산,梁山,경상남도 양산시,경상남도,양산시,35.3349979,129.0370582,35.2735115,35.5318251,128.8725397,129.2193882,"https://www.google.com/maps/search/?api=1&query=35.3349979,129.0370582",https://map.naver.com/v5/search/%EA%B2%BD%EC%83%81%EB%82%A8%EB%8F%84%20%EC%96%91%EC%82%B0%EC%8B%9C,nominatim,0.9,doc_0245|doc_0247|doc_0248|doc_0249|doc_0250|doc_0251|doc_0252|doc_0253|doc_0254|doc_0255|doc_0256|doc_0257|doc_0258|doc_0259|doc_0260|doc_0261|doc_0262|doc_0263|doc_0264|doc_0265|doc_0266|doc_0267|doc_0268|doc_0269|doc_0270|doc_0271|doc_0272,"양산시, 경상남도, 대한민국",22.04,1.68,277.54,
plc_016,김해,金海,경상남도 김해시,경상남도,김해시,35.2279109,128.8895378,35.1511777,35.3951116,128.6955428,129.0142563,"https://www.google.com/maps/search/?api=1&query=35.2279109,128.8895378",https://map.naver.com/v5/search/%EA%B2%BD%EC%83%81%EB%82%A8%EB%8F%84%20%EA%B9%80%ED%95%B4%EC%8B%9C,nominatim,0.9,doc_0273|doc_0274|doc_0275|doc_0276|doc_0277|doc_0278|doc_0279|doc_0280|doc_0281|doc_0282|doc_0283|doc_0284|doc_0285,"김해시, 경상남도, 대한민국",9.69,3.52,186.21,
plc_017,창원,昌原,경상남도 창원시,경상남도,창원시,35.227956,128.6818586,35.0333962,35.394254,128.3479474,128.8433545,"https://www.google.com/maps/search/?api=1&query=35.227956,128.6818586",https://map.naver.com/v5/search/%EA%B2%BD%EC%83%81%EB%82%A8%EB%8F%84%20%EC%B0%BD%EC%9B%90%EC%8B%9C,nominatim,0.9,doc_0286|doc_0287|doc_0288|doc_0289|doc_0290|doc_0291|doc_0292|doc_0293|doc_0294|doc_0295|doc_0296|doc_0297|doc_0298,"창원시, 경상남도, 대한민국",26.74,0.95,227.32,
plc_018,칠원,漆原,경상남도 함안군 칠원읍,경상남도,함안군,35.29564,128.52186,35.25564,35.33564,128.48186,128.56186,"https://www.google.com/maps/search/?api=1&query=35.29564,128.52186",https://map.naver.com/v5/search/%EA%B2%BD%EC%83%81%EB%82%A8%EB%8F%84%20%ED%95%A8%EC%95%88%EA%B5%B0%20%EC%B9%A0%EC%9B%90%EC%9D%8D,nominatim,0.9,doc_0299|doc_0300|doc_0301|doc_0303,"칠원읍, 함안군, 경상남도, 52033, 대한민국",108.30,9.97,312.22,
plc_019,함안,咸安,경상남도 함안군,경상남도,함안군,35.2726875,128.4065038,35.1639503,35.3982715,128.2742401,128.5913202,"https://www.google.com/maps/search/?api=1&query=35.2726875,128.4065038",https://map.naver.com/v5/search/%EA%B2%BD%EC%83%81%EB%82%A8%EB%8F%84%20%ED%95%A8%EC%95%88%EA%B5%B0,nominatim,0.9,doc_0302|doc_0304|doc_0305|doc_0306|doc_0307|doc_0308|doc_0309|doc_0310|doc_0311|doc_0312|doc_0313,"함안군, 경상남도, 대한민국",17.10,4.65,48.14,
plc_020,의령,宜寧,경상남도 의령군,경상남도,의령군,35.322003,128.2617827,35.253451,35.5175569,128.080489,128.4365177,"https://www.google.com/maps/search/?api=1&query=35.322003,128.2617827",https://map.naver.com/v5/search/%EA%B2%BD%EC%83%81%EB%82%A8%EB%8F%84%20%EC%9D%98%EB%A0%B9%EA%B5%B0,nominatim,0.9,doc_0314|doc_0315|doc_0316|doc_0317|doc_0318|doc_0320|doc_0321|doc_0322|doc_0323|doc_0324,"의령군, 경상남도, 대한민국",19.76,2.48,148.60,
plc_021,진주,晉州,경상남도 진주시,경상남도,진주시,35.1803459,128.1079953,35.0502985,35.3510758,127.8877554,128.3681846,"https://www.google.com/maps/search/?api=1&query=35.1803459,128.1079953",https://map.naver.com/v5/search/%EA%B2%BD%EC%83%81%EB%82%A8%EB%8F%84%20%EC%A7%84%EC%A3%BC%EC%8B%9C,nominatim,0.9,doc_0319|doc_0325|doc_0326|doc_0327|doc_0328|doc_0329|doc_0330|doc_0331|doc_0332|doc_0333|doc_0334|doc_0335|doc_0336,"진주시, 경상남도, 대한민국",22.41,0.20,142.77,
plc_022,고성,固城,경상남도 고성군,경상남도,고성군,34.9732784,128.322233,34.8681869,35.1321265,128.0986856,128.5544774,"https://www.google.com/maps/search/?api=1&query=34.9732784,128.322233",https://map.naver.com/v5/search/%EA%B2%BD%EC%83%81%EB%82%A8%EB%8F%84%20%EA%B3%A0%EC%84%B1%EA%B5%B0,nominatim,0.9,doc_0337|doc_0338|doc_0339|doc_0340|doc_0341|doc_0342,"고성군, 경상남도, 대한민국",15.66,1.35,203.86,
plc_023,진해,鎭海,경상남도 창원시 진해구,경상남도,창원시,35.1319,128.7103,35.0359121,35.1802276,128.5993051,128.8433545,"https://www.google.com/maps/search/?api=1&query=35.1319,128.7103",https://map.naver.com/v5/search/%EA%B2%BD%EC%83%81%EB%82%A8%EB%8F%84%20%EC%B0%BD%EC%9B%90%EC%8B%9C%20%EC%A7%84%ED%95%B4%EA%B5%AC,nominatim,0.9,doc_0343|doc_0344|doc_0345|doc_0346,"진해구, 창원시, 경상남도, 대한민국",66.78,9.61,280.80,
plc_024,하동,河東,경상남도 하동군,경상남도,하동군,35.0679208,127.7552641,34.9132156,35.332327,127.5758886,127.9424004,"https://www.google.com/maps/search/?api=1&query=35.0679208,127.7552641",https://map.naver.com/v5/search/%EA%B2%BD%EC%83%81%EB%82%A8%EB%8F%84%20%ED%95%98%EB%8F%99%EA%B5%B0,nominatim,0.9,doc_0347|doc_0348|doc_0349|doc_0350|doc_0351|doc_0352|doc_0353,"하동군, 경상남도, 대한민국",2.20,0.08,16.53,
plc_025,사천,泗川,경상남도 사천시,경상남도,사천시,35.003468,128.064562,34.866215,35.1588834,127.8789389,128.1845571,"https://www.google.com/maps/search/?api=1&query=35.003468,128.064562",https://map.naver.com/v5/search/%EA%B2%BD%EC%83%81%EB%82%A8%EB%8F%84%20%EC%82%AC%EC%B2%9C%EC%8B%9C,nominatim,0.9,doc_0354|doc_0355|doc_0356|doc_0357|doc_0358,"사천시, 경상남도, 대한민국",32.04,3.43,246.45,
plc_026,곤양,昆陽,경상남도 사천시 곤양면,경상남도,사천시,35.06771,127.98117,35.0230692,35.1145559,127.8916211,128.0428149,"https://www.google.com/maps/search/?api=1&query=35.06771,127.98117",https://map.naver.com/v5/search/%EA%B2%BD%EC%83%81%EB%82%A8%EB%8F%84%20%EC%82%AC%EC%B2%9C%EC%8B%9C%20%EA%B3%A4%EC%96%91%EB%A9%B4,nominatim,0.9,doc_0359|doc_0360|doc_0361|doc_0362|doc_0364|doc_0365,"곤양면, 사천시, 경상남도, 대한민국",27.68,15.87,83.88,
plc_027,거제,巨濟,경상남도 거제시,경상남도,거제시,34.8804677,128.621207,34.5099527,35.0527911,128.4498739,128.9485256,"https://www.google.com/maps/search/?api=1&query=34.8804677,128.621207",https://map.naver.com/v5/search/%EA%B2%BD%EC%83%81%EB%82%A8%EB%8F%84%20%EA%B1%B0%EC%A0%9C%EC%8B%9C,nominatim,0.9,doc_0363|doc_0366|doc_0367|doc_0368|doc_0369|doc_0370,"거제시, 경상남도, 대한민국",37.43,5.01,54.65,
plc_028,남해,南海,경상남도 남해군,경상남도,남해군,34.8374437,127.8925589,34.1697419,34.9515234,127.787694,128.3063269,"https://www.google.com/maps/search/?api=1&query=34.8374437,127.8925589",https://map.naver.com/v5/search/%EA%B2%BD%EC%83%81%EB%82%A8%EB%8F%84%20%EB%82%A8%ED%95%B4%EA%B5%B0,nominatim,0.9,,"남해군, 경상남도, 대한민국",26.32,1.62,120.39,
plc_029,함양,咸陽,경상남도 함양군,경상남도,함양군,35.5204145,127.7252966,35.3158833,35.7715428,127.585876,127.8772255,"https://www.google.com/maps/search/?api=1&query=35.5204145,127.7252966",https://map.naver.com/v5/search/%EA%B2%BD%EC%83%81%EB%82%A8%EB%8F%84%20%ED%95%A8%EC%96%91%EA%B5%B0,nominatim,0.9,doc_0371|doc_0372|doc_0373|doc_0374|doc_0375|doc_0376|doc_0377|doc_0378|doc_0379|doc_0380|doc_0381|doc_0382|doc_0383,"함양군, 경상남도, 대한민국",166.90,0.23,146.59,
plc_030,산청,山淸,경상남도 산청군,경상남도,산청군,35.4154624,127.873663,35.2195265,35.5761767,127.6879326,128.1152129,"https://www.google.com/maps/search/?api=1&query=35.4154624,127.873663",https://map.naver.com/v5/search/%EA%B2%BD%EC%83%81%EB%82%A8%EB%8F%84%20%EC%82%B0%EC%B2%AD%EA%B5%B0,nominatim,0.9,doc_0384|doc_0385|doc_0386|doc_0387|doc_0388,"산청군, 경상남도, 대한민국",99.66,2.71,104.39,
plc_031,산음,山陰,경상남도 산청군,경상남도,산청군,35.4154624,127.873663,35.2195265,35.5761767,127.6879326,128.1152129,"https://www.google.com/maps/search/?api=1&query=35.4154624,127.873663",https://map.naver.com/v5/search/%EA%B2%BD%EC%83%81%EB%82%A8%EB%8F%84%20%EC%82%B0%EC%B2%AD%EA%B5%B0,nominatim,0.9,,"산청군, 경상남도, 대한민국",99.66,2.71,104.39,
plc_032,안의,安義,경상남도 함양군 안의면,경상남도,함양군,35.64186,127.81754,35.60186,35.68186,127.77754,127.85754,"https://www.google.com/maps/search/?api=1&query=35.64186,127.81754",https://map.naver.com/v5/search/%EA%B2%BD%EC%83%81%EB%82%A8%EB%8F%84%20%ED%95%A8%EC%96%91%EA%B5%B0%20%EC%95%88%EC%9D%98%EB%A9%B4,nominatim,0.9,doc_0389|doc_0390|doc_0391,"안의면, 함양군, 경상남도, 50009, 대한민국",213.31,2.36,129.94,
plc_033,안음,安陰,경상남도 함양군 서상면,경상남도,함양군,35.69091,127.6815,35.65091,35.73091,127.6415,127.7215,"https://www.google.com/maps/search/?api=1&query=35.69091,127.6815",https://map.naver.com/v5/search/%EA%B2%BD%EC%83%81%EB%82%A8%EB%8F%84%20%ED%95%A8%EC%96%91%EA%B5%B0%20%EC%84%9C%EC%83%81%EB%A9%B4,nominatim,0.9,doc_0392,"서상면, 함양군, 경상남도, 50001, 대한민국",478.85,13.38,150.28,
plc_034,삼가,三嘉,경상남도 합천군 삼가면,경상남도,합천군,35.41164,128.11343,35.37164,35.45164,128.07343,128.15343,"https://www.google.com/maps/search/?api=1&query=35.41164,128.11343",https://map.naver.com/v5/search/%EA%B2%BD%EC%83%81%EB%82%A8%EB%8F%84%20%ED%95%A9%EC%B2%9C%EA%B5%B0%20%EC%82%BC%EA%B0%80%EB%A9%B4,nominatim,0.9,doc_0393|doc_0394|doc_0395|doc_0396|doc_0397|doc_0398,"삼가면, 합천군, 경상남도, 50224, 대한민국",107.51,2.81,319.38,
plc_035,거창,居昌,경상남도 거창군,경상남도,거창군,35.6872871,127.9138505,35.5144487,35.9099441,127.6790791,128.0950668,"https://www.google.com/maps/search/?api=1&query=35.6872871,127.9138505",https://map.naver.com/v5/search/%EA%B2%BD%EC%83%81%EB%82%A8%EB%8F%84%20%EA%B1%B0%EC%B0%BD%EA%B5%B0,nominatim,0.9,doc_0399|doc_0400|doc_0401|doc_0402|doc_0403,"거창군, 경상남도, 대한민국",193.52,0.49,94.34,
plc_036,단성,丹城,경상남도 산청군 단성면,경상남도,산청군,35.28066,127.92485,35.2225737,35.3647253,127.8574731,127.986333,"https://www.google.com/maps/search/?api=1&query=35.28066,127.92485",https://map.naver.com/v5/search/%EA%B2%BD%EC%83%81%EB%82%A8%EB%8F%84%20%EC%82%B0%EC%B2%AD%EA%B5%B0%20%EB%8B%A8%EC%84%B1%EB%A9%B4,nominatim,0.9,doc_0404|doc_0405|doc_0407,"단성면, 산청군, 경상남도, 52251, 대한민국",201.75,6.98,304.41,
plc_037,합천,陜川,경상남도 합천군,경상남도,합천군,35.5664445,128.1658334,35.3682186,35.8320811,127.9531174,128.3733864,"https://www.google.com/maps/search/?api=1&query=35.5664445,128.1658334",https://map.naver.com/v5/search/%EA%B2%BD%EC%83%81%EB%82%A8%EB%8F%84%20%ED%95%A9%EC%B2%9C%EA%B5%B0,nominatim,0.9,doc_0406|doc_0408|doc_0409|doc_0410|doc_0411|doc_0412|doc_0413|doc_0414,"합천군, 경상남도, 대한민국",43.36,2.42,96.37,
plc_038,초계,草溪,경상남도 합천군 초계면,경상남도,합천군,35.54753,128.25134,35.50753,35.58753,128.21134,128.29134,"https://www.google.com/maps/search/?api=1&query=35.54753,128.25134",https://map.naver.com/v5/search/%EA%B2%BD%EC%83%81%EB%82%A8%EB%8F%84%20%ED%95%A9%EC%B2%9C%EA%B5%B0%20%EC%B4%88%EA%B3%84%EB%A9%B4,nominatim,0.9,doc_0415|doc_0416|doc_0417|doc_0418|doc_0419|doc_0420,"초계면, 합천군, 경상남도, 50246, 대한민국",39.28,1.33,74.93,
plc_039,고령,高靈,경상북도 고령군,경상북도,고령군,35.7258,128.2632,35.611162,35.8528801,128.1565506,128.4815004,"https://www.google.com/maps/search/?api=1&query=35.7258,128.2632",https://map.naver.com/v5/search/%EA%B2%BD%EC%83%81%EB%B6%81%EB%8F%84%20%EA%B3%A0%EB%A0%B9%EA%B5%B0,nominatim,0.9,doc_0421|doc_0422|doc_0423|doc_0424|doc_0426,"고령군, 경상북도, 대한민국",34.28,4.78,139.35,
plc_040,성주,星州,경상북도 성주군,경상북도,성주군,35.9190065,128.283486,35.7756542,36.0558994,128.0469417,128.3989343,"https://www.google.com/maps/search/?api=1&query=35.9190065,128.283486",https://map.naver.com/v5/search/%EA%B2%BD%EC%83%81%EB%B6%81%EB%8F%84%20%EC%84%B1%EC%A3%BC%EA%B5%B0,nominatim,0.9,doc_0425|doc_0427|doc_0428|doc_0429|doc_0430|doc_0431|doc_0432|doc_0433|doc_0434|doc_0435,"성주군, 경상북도, 대한민국",36.91,1.31,67.97,
plc_041,개령,開寧,경상북도 김천시 개령면,경상북도,김천시,36.16978,128.18051,36.12978,36.20978,128.14051,128.22051,"https://www.google.com/maps/search/?api=1&query=36.16978,128.18051",https://map.naver.com/v5/search/%EA%B2%BD%EC%83%81%EB%B6%81%EB%8F%84%20%EA%B9%80%EC%B2%9C%EC%8B%9C%20%EA%B0%9C%EB%A0%B9%EB%A9%B4,nominatim,0.9,doc_0436|doc_0437|doc_0438|doc_0439|doc_0440|doc_0441|doc_0442,"개령면, 김천시, 경상북도, 39515, 대한민국",179.09,8.97,79.86,
plc_042,인동,仁同,경상북도 구미시 인동동,경상북도,구미시,36.1042553,128.4290963,36.1039486,36.1044926,128.4288713,128.4294963,"https://www.google.com/maps/search/?api=1&query=36.1042553,128.4290963",https://map.naver.com/v5/search/%EA%B2%BD%EC%83%81%EB%B6%81%EB%8F%84%20%EA%B5%AC%EB%AF%B8%EC%8B%9C%20%EC%9D%B8%EB%8F%99%EB%8F%99,nominatim,0.9,doc_0443|doc_0444|doc_0445,"인동동 행정복지센터, 42, 인동15길, 인의동, 구미시, 경상북도, 39434, 대한민국",101.01,10.96,325.62,
plc_043,선산,善山,경상북도 구미시 선산읍,경상북도,구미시,36.2405861,128.2985068,36.2005861,36.2805861,128.2585068,128.3385068,"https://www.google.com/maps/search/?api=1&query=36.2405861,128.2985068",https://map.naver.com/v5/search/%EA%B2%BD%EC%83%81%EB%B6%81%EB%8F%84%20%EA%B5%AC%EB%AF%B8%EC%8B%9C%20%EC%84%A0%EC%82%B0%EC%9D%8D,nominatim,0.9,doc_0446|doc_0447|doc_0448|doc_0449|doc_0450|doc_0451|doc_0452|doc_0453|doc_0454|doc_0455|doc_0456|doc_0457|doc_0458|doc_0459|doc_0460|doc_0461|doc_0462|doc_0463|doc_0464|doc_0465|doc_0466|doc_0467|doc_0468|doc_0469|doc_0470|doc_0471,"선산읍, 구미시, 경상북도, 39119, 대한민국",46.41,0.72,168.20,
plc_044,안동,安東,경상북도 안동시,경상북도,안동시,36.5634886,128.7260798,36.2950662,36.8230788,128.4291939,129.0009927,"https://www.google.com/maps/search/?api=1&query=36.5634886,128.7260798",https://map.naver.com/v5/search/%EA%B2%BD%EC%83%81%EB%B6%81%EB%8F%84%20%EC%95%88%EB%8F%99%EC%8B%9C,nominatim,0.9,doc_0472|doc_0473|doc_0474|doc_0475|doc_0476|doc_0477|doc_0478|doc_0479,"안동시, 경상북도, 대한민국",90.74,0.11,1.66,
plc_045,예안,禮安,경상북도 안동시 예안면,경상북도,안동시,36.67522,128.90332,36.63522,36.71522,128.86332,128.94332,"https://www.google.com/maps/search/?api=1&query=36.67522,128.90332",https://map.naver.com/v5/search/%EA%B2%BD%EC%83%81%EB%B6%81%EB%8F%84%20%EC%95%88%EB%8F%99%EC%8B%9C%20%EC%98%88%EC%95%88%EB%A9%B4,nominatim,0.9,doc_0480|doc_0481|doc_0482|doc_0483,"예안면, 안동시, 경상북도, 36608, 대한민국",161.01,3.83,183.76,
plc_046,진보,眞寶,경상북도 청송군 진보면,경상북도,청송군,36.52935,129.05015,36.4501642,36.594989,128.9696751,129.161958,"https://www.google.com/maps/search/?api=1&query=36.52935,129.05015",https://map.naver.com/v5/search/%EA%B2%BD%EC%83%81%EB%B6%81%EB%8F%84%20%EC%B2%AD%EC%86%A1%EA%B5%B0%20%EC%A7%84%EB%B3%B4%EB%A9%B4,nominatim,0.9,doc_0484|doc_0485|doc_0486,"진보면, 청송군, 경상북도, 대한민국",182.20,1.08,119.52,
plc_047,영주,榮川|영천영주,경상북도 영주시,경상북도,영주시,36.805685,128.624054,36.6951951,37.0657144,128.4239695,128.7466334,"https://www.google.com/maps/search/?api=1&query=36.805685,128.624054",https://map.naver.com/v5/search/%EA%B2%BD%EC%83%81%EB%B6%81%EB%8F%84%20%EC%98%81%EC%A3%BC%EC%8B%9C,nominatim,0.9,doc_0487,"영주시, 경상북도, 대한민국",143.23,7.96,352.47,
plc_048,상주,尙州,경상북도 상주시,경상북도,상주시,36.4104478,128.1590614,36.2374199,36.6567642,127.7964166,128.3411693,"https://www.google.com/maps/search/?api=1&query=36.4104478,128.1590614",https://map.naver.com/v5/search/%EA%B2%BD%EC%83%81%EB%B6%81%EB%8F%84%20%EC%83%81%EC%A3%BC%EC%8B%9C,nominatim,0.9,doc_0493|doc_0494|doc_0495|doc_0496|doc_0497|doc_0498|doc_0499|doc_0500|doc_0501|doc_0502|doc_0503|doc_0504,"상주시, 경상북도, 대한민국",56.80,0.32,78.63,
plc_049,비안,比安,경상북도 의성군 비안면,경상북도,의성군,36.33728,128.51219,36.29728,36.37728,128.47219,128.55219,"https://www.google.com/maps/search/?api=1&query=36.33728,128.51219",https://map.naver.com/v5/search/%EA%B2%BD%EC%83%81%EB%B6%81%EB%8F%84%20%EC%9D%98%EC%84%B1%EA%B5%B0%20%EB%B9%84%EC%95%88%EB%A9%B4,nominatim,0.9,doc_0505|doc_0506|doc_0507,"비안면, 의성군, 경상북도, 37364, 대한민국",140.87,17.84,180.62,
plc_050,용궁,龍宮,경상북도 예천군 용궁면,경상북도,예천군,36.60778,128.29948,36.56778,36.64778,128.25948,128.33948,"https://www.google.com/maps/search/?api=1&query=36.60778,128.29948",https://map.naver.com/v5/search/%EA%B2%BD%EC%83%81%EB%B6%81%EB%8F%84%20%EC%98%88%EC%B2%9C%EA%B5%B0%20%EC%9A%A9%EA%B6%81%EB%A9%B4,nominatim,0.9,doc_0508|doc_0509|doc_0510|doc_0511|doc_0512|doc_0513|doc_0514,"용궁면, 예천군, 경상북도, 36858, 대한민국",87.04,5.45,308.84,
plc_051,예천,醴泉,경상북도 예천군,경상북도,예천군,36.6462999,128.4376,36.4573264,36.8501524,128.2607889,128.6116003,"https://www.google.com/maps/search/?api=1&query=36.6462999,128.4376",https://map.naver.com/v5/search/%EA%B2%BD%EC%83%81%EB%B6%81%EB%8F%84%20%EC%98%88%EC%B2%9C%EA%B5%B0,nominatim,0.9,doc_0515|doc_0516,"예천군, 경상북도, 대한민국",86.50,2.41,140.97,
plc_052,문경,聞慶,경상북도 문경시,경상북도,문경시,36.5858541,128.1870612,36.5143099,36.8723257,127.8742926,128.3715268,"https://www.google.com/maps/search/?api=1&query=36.5858541,128.1870612",https://map.naver.com/v5/search/%EA%B2%BD%EC%83%81%EB%B6%81%EB%8F%84%20%EB%AC%B8%EA%B2%BD%EC%8B%9C,nominatim,0.9,doc_0517|doc_0518|doc_0519|doc_0520|doc_0521,"문경시, 경상북도, 대한민국",76.20,1.37,157.83,
plc_053,영천,永川,경상북도 영천시,경상북도,영천시,35.98842,128.942,35.8302703,36.1838184,128.6941266,129.1519689,"https://www.google.com/maps/search/?api=1&query=35.98842,128.942",https://map.naver.com/v5/search/%EA%B2%BD%EC%83%81%EB%B6%81%EB%8F%84%20%EC%98%81%EC%B2%9C%EC%8B%9C,nominatim,0.9,doc_0488|doc_0489|doc_0490|doc_0491|doc_0492|doc_0522|doc_0524|doc_0525,"영천시, 경상북도, 대한민국",116.48,5.40,55.52,
plc_054,김천,金山|금산김천,경상북도 김천시,경상북도,김천시,36.1398035,128.1139534,35.829482,36.258601,127.8752707,128.3014726,"https://www.google.com/maps/search/?api=1&query=36.1398035,128.1139534",https://map.naver.com/v5/search/%EA%B2%BD%EC%83%81%EB%B6%81%EB%8F%84%20%EA%B9%80%EC%B2%9C%EC%8B%9C,nominatim,0.9,doc_0523|doc_0526|doc_0527|doc_0528|doc_0529|doc_0530|doc_0531|doc_0532|doc_0533|doc_0534|doc_0535,"김천시, 경상북도, 대한민국",87.93,7.25,115.30,
plc_055,의성,義城,경상북도 의성군,경상북도,의성군,36.3524,128.697,36.1905461,36.530364,128.2824162,128.8965691,"https://www.google.com/maps/search/?api=1&query=36.3524,128.697",https://map.naver.com/v5/search/%EA%B2%BD%EC%83%81%EB%B6%81%EB%8F%84%20%EC%9D%98%EC%84%B1%EA%B5%B0,nominatim,0.9,doc_0536|doc_0537|doc_0538|doc_0539,"의성군, 경상북도, 대한민국",92.57,2.04,190.92,
plc_056,용안,龍安,전북특별자치도 익산시 용안면,전북특별자치도,익산시,36.1233119,126.9542107,36.0837067,36.1565704,126.9203566,126.9826435,"https://www.google.com/maps/search/?api=1&query=36.1233119,126.9542107",https://map.naver.com/v5/search/%EC%A0%84%EB%B6%81%ED%8A%B9%EB%B3%84%EC%9E%90%EC%B9%98%EB%8F%84%20%EC%9D%B5%EC%82%B0%EC%8B%9C%20%EC%9A%A9%EC%95%88%EB%A9%B4,nominatim,0.9,doc_0540|doc_0541|doc_0542,"용안면, 익산시, 전북특별자치도, 54507, 대한민국",43.57,6.56,96.85,
plc_057,연기,燕岐,세종특별자치시,세종특별자치시,,36.4799999,127.289,36.4067584,36.7331822,127.1277301,127.4108036,"https://www.google.com/maps/search/?api=1&query=36.4799999,127.289",https://map.naver.com/v5/search/%EC%84%B8%EC%A2%85%ED%8A%B9%EB%B3%84%EC%9E%90%EC%B9%98%EC%8B%9C,nominatim,0.9,doc_0543|doc_0544|doc_0545|doc_0546|doc_0547|doc_0548,"세종특별자치시, 대한민국",27.27,0.14,129.56,
plc_058,비인,庇仁,충청남도 서천군 비인면,충청남도,서천군,36.1468286,126.6172752,36.1068286,36.1868286,126.5772752,126.6572752,"https://www.google.com/maps/search/?api=1&query=36.1468286,126.6172752",https://map.naver.com/v5/search/%EC%B6%A9%EC%B2%AD%EB%82%A8%EB%8F%84%20%EC%84%9C%EC%B2%9C%EA%B5%B0%20%EB%B9%84%EC%9D%B8%EB%A9%B4,nominatim,0.9,doc_0549,"비인면, 서천군, 충청남도, 33608, 대한민국",220.03,27.66,82.83,
plc_059,부여,扶餘,충청남도 부여군,충청남도,부여군,36.2753678,126.910107,36.0722537,36.3867632,126.6813755,127.069695,"https://www.google.com/maps/search/?api=1&query=36.2753678,126.910107",https://map.naver.com/v5/search/%EC%B6%A9%EC%B2%AD%EB%82%A8%EB%8F%84%20%EB%B6%80%EC%97%AC%EA%B5%B0,nominatim,0.9,doc_0550|doc_0551|doc_0552|doc_0553|doc_0554|doc_0555|doc_0556|doc_0557|doc_0558|doc_0559|doc_0560|doc_0561|doc_0562|doc_0563|doc_0564|doc_0565|doc_0566|doc_0567|doc_0568|doc_0569|doc_0570|doc_0571,"부여군, 충청남도, 대한민국",17.80,0.68,205.78,
plc_060,공주,公州,충청남도 공주시,충청남도,공주시,36.47257,127.09124,36.2751492,36.6794321,126.8841962,127.2823194,"https://www.google.com/maps/search/?api=1&query=36.47257,127.09124",https://map.naver.com/v5/search/%EC%B6%A9%EC%B2%AD%EB%82%A8%EB%8F%84%20%EA%B3%B5%EC%A3%BC%EC%8B%9C,nominatim,0.9,doc_0572|doc_0573|doc_0574|doc_0575|doc_0576|doc_0577|doc_0578|doc_0579|doc_0580|doc_0581|doc_0582|doc_0583,"공주시, 충청남도, 대한민국",116.90,11.64,194.43,
plc_061,남포,藍浦,충청남도 보령시 남포면,충청남도,보령시,36.29548,126.58274,36.25548,36.33548,126.54274,126.62274,"https://www.google.com/maps/search/?api=1&query=36.29548,126.58274",https://map.naver.com/v5/search/%EC%B6%A9%EC%B2%AD%EB%82%A8%EB%8F%84%20%EB%B3%B4%EB%A0%B9%EC%8B%9C%20%EB%82%A8%ED%8F%AC%EB%A9%B4,nominatim,0.9,doc_0584|doc_0585|doc_0586|doc_0587|doc_0588|doc_0589|doc_0590|doc_0591,"남포면, 보령시, 충청남도, 33495, 대한민국",15.47,1.46,336.08,
plc_062,익산,益山,전북특별자치도 익산시,전북특별자치도,익산시,35.9479291,126.9578025,35.8834938,36.1565704,126.8514075,127.1397217,"https://www.google.com/maps/search/?api=1&query=35.9479291,126.9578025",https://map.naver.com/v5/search/%EC%A0%84%EB%B6%81%ED%8A%B9%EB%B3%84%EC%9E%90%EC%B9%98%EB%8F%84%20%EC%9D%B5%EC%82%B0%EC%8B%9C,nominatim,0.9,doc_0592|doc_0593,"익산시, 전북특별자치도, 대한민국",19.50,0.84,145.84,
plc_063,회인,懷仁,충청북도 보은군 회인면,충청북도,보은군,36.4980262,127.6006735,36.4580262,36.5380262,127.5606735,127.6406735,"https://www.google.com/maps/search/?api=1&query=36.4980262,127.6006735",https://map.naver.com/v5/search/%EC%B6%A9%EC%B2%AD%EB%B6%81%EB%8F%84%20%EB%B3%B4%EC%9D%80%EA%B5%B0%20%ED%9A%8C%EC%9D%B8%EB%A9%B4,nominatim,0.9,doc_0594|doc_0595,"회인면, 보은군, 충청북도, 28929, 대한민국",173.28,7.78,274.72,
plc_064,임천,林川,충청남도 부여군 임천면,충청남도,부여군,36.17341,126.88718,36.13341,36.21341,126.84718,126.92718,"https://www.google.com/maps/search/?api=1&query=36.17341,126.88718",https://map.naver.com/v5/search/%EC%B6%A9%EC%B2%AD%EB%82%A8%EB%8F%84%20%EB%B6%80%EC%97%AC%EA%B5%B0%20%EC%9E%84%EC%B2%9C%EB%A9%B4,nominatim,0.9,doc_0596|doc_0597|doc_0598|doc_0599|doc_0600|doc_0601|doc_0602|doc_0603,"임천면, 부여군, 충청남도, 33219, 대한민국",10.26,2.58,220.44,
plc_065,청주,淸州,충청북도 청주시,충청북도,청주시,36.6421169,127.4891742,36.4072772,36.7802634,127.2756505,127.7699975,"https://www.google.com/maps/search/?api=1&query=36.6421169,127.4891742",https://map.naver.com/v5/search/%EC%B6%A9%EC%B2%AD%EB%B6%81%EB%8F%84%20%EC%B2%AD%EC%A3%BC%EC%8B%9C,nominatim,0.9,,"청주시, 충청북도, 대한민국",44.22,0.04,206.56,
plc_066,문의,文義,충청북도 청주시 문의면,충청북도,청주시,36.4931677,127.5087027,36.4531677,36.5331677,127.4687027,127.5487027,"https://www.google.com/maps/search/?api=1&query=36.4931677,127.5087027",https://map.naver.com/v5/search/%EC%B6%A9%EC%B2%AD%EB%B6%81%EB%8F%84%20%EC%B2%AD%EC%A3%BC%EC%8B%9C%20%EB%AC%B8%EC%9D%98%EB%A9%B4,nominatim,0.9,doc_0604,"문의면, 청주시, 충청북도, 28208, 대한민국",164.87,6.75,184.19,
plc_067,은진,恩津,충청남도 논산시 은진면,충청남도,논산시,36.1647875,127.1104029,36.1247875,36.2047875,127.0704029,127.1504029,"https://www.google.com/maps/search/?api=1&query=36.1647875,127.1104029",https://map.naver.com/v5/search/%EC%B6%A9%EC%B2%AD%EB%82%A8%EB%8F%84%20%EB%85%BC%EC%82%B0%EC%8B%9C%20%EC%9D%80%EC%A7%84%EB%A9%B4,nominatim,0.9,doc_0605|doc_0606|doc_0607|doc_0608|doc_0609|doc_0610,"은진면, 논산시, 충청남도, 33001, 대한민국",29.09,2.02,143.67,
plc_068,노성,魯城,충청남도 논산시 노성면,충청남도,논산시,36.2904765,127.106316,36.2504765,36.3304765,127.066316,127.146316,"https://www.google.com/maps/search/?api=1&query=36.2904765,127.106316",https://map.naver.com/v5/search/%EC%B6%A9%EC%B2%AD%EB%82%A8%EB%8F%84%20%EB%85%BC%EC%82%B0%EC%8B%9C%20%EB%85%B8%EC%84%B1%EB%A9%B4,nominatim,0.9,doc_0611|doc_0612|doc_0613|doc_0614,"노성면, 논산시, 충청남도, 32902, 대한민국",57.23,5.49,255.97,
plc_069,한산,韓山,충청남도 서천군 한산면,충청남도,서천군,36.0836204,126.8224219,36.0436204,36.1236204,126.7824219,126.8624219,"https://www.google.com/maps/search/?api=1&query=36.0836204,126.8224219",https://map.naver.com/v5/search/%EC%B6%A9%EC%B2%AD%EB%82%A8%EB%8F%84%20%EC%84%9C%EC%B2%9C%EA%B5%B0%20%ED%95%9C%EC%82%B0%EB%A9%B4,nominatim,0.9,doc_0615|doc_0616|doc_0617|doc_0618|doc_0619|doc_0620|doc_0621,"한산면, 서천군, 충청남도, 33624, 대한민국",4.31,0.09,181.49,
plc_070,연산,連山,충청남도 논산시 연산면,충청남도,논산시,36.231227,127.1994063,36.191227,36.271227,127.1594063,127.2394063,"https://www.google.com/maps/search/?api=1&query=36.231227,127.1994063",https://map.naver.com/v5/search/%EC%B6%A9%EC%B2%AD%EB%82%A8%EB%8F%84%20%EB%85%BC%EC%82%B0%EC%8B%9C%20%EC%97%B0%EC%82%B0%EB%A9%B4,nominatim,0.9,doc_0622|doc_0623|doc_0624|doc_0625|doc_0626|doc_0627|doc_0628|doc_0629|doc_0630|doc_0631,"연산면, 논산시, 충청남도, 32913, 대한민국",164.93,22.07,219.44,
plc_071,진산,珍山,충청남도 금산군 진산면,충청남도,금산군,36.1442607,127.3703869,36.1042607,36.1842607,127.3303869,127.4103869,"https://www.google.com/maps/search/?api=1&query=36.1442607,127.3703869",https://map.naver.com/v5/search/%EC%B6%A9%EC%B2%AD%EB%82%A8%EB%8F%84%20%EA%B8%88%EC%82%B0%EA%B5%B0%20%EC%A7%84%EC%82%B0%EB%A9%B4,nominatim,0.9,,"진산면, 금산군, 충청남도, 32704, 대한민국",176.81,6.72,119.23,
plc_072,청양,靑陽,충청남도 청양군,충청남도,청양군,36.4591386,126.8021303,36.3156957,36.5716263,126.6742194,127.0317149,"https://www.google.com/maps/search/?api=1&query=36.4591386,126.8021303",https://map.naver.com/v5/search/%EC%B6%A9%EC%B2%AD%EB%82%A8%EB%8F%84%20%EC%B2%AD%EC%96%91%EA%B5%B0,nominatim,0.9,doc_0632|doc_0633|doc_0634|doc_0635,"청양군, 충청남도, 대한민국",122.10,10.63,262.79,
plc_073,단양,丹陽,충청북도 단양군,충청북도,단양군,36.9848,128.3659,36.8006088,37.1582062,128.2171247,128.652096,"https://www.google.com/maps/search/?api=1&query=36.9848,128.3659",https://map.naver.com/v5/search/%EC%B6%A9%EC%B2%AD%EB%B6%81%EB%8F%84%20%EB%8B%A8%EC%96%91%EA%B5%B0,nominatim,0.9,doc_0636|doc_0637,"단양군, 충청북도, 대한민국",188.90,4.29,96.99,
plc_074,천안,天安,충청남도 천안시,충청남도,천안시,36.8150283,127.1140654,36.6197496,36.9731559,127.0093578,127.4204171,"https://www.google.com/maps/search/?api=1&query=36.8150283,127.1140654",https://map.naver.com/v5/search/%EC%B6%A9%EC%B2%AD%EB%82%A8%EB%8F%84%20%EC%B2%9C%EC%95%88%EC%8B%9C,nominatim,0.9,doc_0638|doc_0639|doc_0640|doc_0641,"천안시, 충청남도, 대한민국",50.44,7.08,286.42,
plc_075,예산,禮山,충청남도 예산군,충청남도,예산군,36.6808989,126.8448742,36.5265879,36.8039207,126.5853278,126.9696014,"https://www.google.com/maps/search/?api=1&query=36.6808989,126.8448742",https://map.naver.com/v5/search/%EC%B6%A9%EC%B2%AD%EB%82%A8%EB%8F%84%20%EC%98%88%EC%82%B0%EA%B5%B0,nominatim,0.9,,"예산군, 충청남도, 대한민국",32.87,2.46,243.00,
plc_076,덕산,德山,충청남도 예산군 덕산면,충청남도,예산군,36.690295,126.6535847,36.650295,36.730295,126.6135847,126.6935847,"https://www.google.com/maps/search/?api=1&query=36.690295,126.6535847",https://map.naver.com/v5/search/%EC%B6%A9%EC%B2%AD%EB%82%A8%EB%8F%84%20%EC%98%88%EC%82%B0%EA%B5%B0%20%EB%8D%95%EC%82%B0%EB%A9%B4,nominatim,0.9,,"덕산면, 예산군, 충청남도, 32406, 대한민국",68.07,4.98,42.57,
plc_077,서산,瑞山,충청남도 서산시,충청남도,서산시,36.784499,126.450317,36.5767832,37.0707339,126.3086987,126.6535811,"https://www.google.com/maps/search/?api=1&query=36.784499,126.450317",https://map.naver.com/v5/search/%EC%B6%A9%EC%B2%AD%EB%82%A8%EB%8F%84%20%EC%84%9C%EC%82%B0%EC%8B%9C,nominatim,0.9,,"서산시, 충청남도, 대한민국",38.64,2.72,204.35,
plc_078,홍주,洪州|홍성,충청남도 홍성군,충청남도,홍성군,36.6010501,126.6611667,36.4601653,36.6730354,126.4138841,126.7732166,"https://www.google.com/maps/search/?api=1&query=36.6010501,126.6611667",https://map.naver.com/v5/search/%EC%B6%A9%EC%B2%AD%EB%82%A8%EB%8F%84%20%ED%99%8D%EC%84%B1%EA%B5%B0,nominatim,0.9,,"홍성군, 충청남도, 대한민국",28.49,1.22,5.62,
plc_079,대천,大川|보령,충청남도 보령시,충청남도,보령시,36.33401,126.613165,36.1475742,36.5275526,125.5233697,126.7390966,"https://www.google.com/maps/search/?api=1&query=36.33401,126.613165",https://map.naver.com/v5/search/%EC%B6%A9%EC%B2%AD%EB%82%A8%EB%8F%84%20%EB%B3%B4%EB%A0%B9%EC%8B%9C,nominatim,0.9,,"보령시, 충청남도, 대한민국",55.91,1.18,303.77,
plc_080,청량산,淸凉山,경상북도 봉화군 청량산,경상북도,봉화군,36.8088641,128.9308978,36.6753187,36.8417237,128.8527325,128.9657665,"https://www.google.com/maps/search/?api=1&query=36.8088641,128.9308978",https://map.naver.com/v5/search/%EA%B2%BD%EC%83%81%EB%B6%81%EB%8F%84%20%EB%B4%89%ED%99%94%EA%B5%B0%20%EC%B2%AD%EB%9F%89%EC%82%B0,nominatim,0.9,,"청량산, 명호면, 봉화군, 경상북도, 대한민국",681.59,10.58,125.06,
plc_081,태백산,太白山,강원특별자치도 태백산,강원특별자치도,태백시,37.1468227,128.9057379,37.0506986,37.2427297,128.8685597,128.9894979,"https://www.google.com/maps/search/?api=1&query=37.1468227,128.9057379",https://map.naver.com/v5/search/%EA%B0%95%EC%9B%90%ED%8A%B9%EB%B3%84%EC%9E%90%EC%B9%98%EB%8F%84%20%ED%83%9C%EB%B0%B1%EC%82%B0,nominatim,0.9,,"태백산 국립공원, 태백시, 정선군, 강원특별자치도, 26042, 대한민국",1254.78,27.02,211.05,
plc_082,백마강,白馬江,충청남도 부여군 백마강,충청남도,부여군,,,,,,,https://www.google.com/maps/search/?api=1&query=%EC%B6%A9%EC%B2%AD%EB%82%A8%EB%8F%84%20%EB%B6%80%EC%97%AC%EA%B5%B0%20%EB%B0%B1%EB%A7%88%EA%B0%95,https://map.naver.com/v5/search/%EC%B6%A9%EC%B2%AD%EB%82%A8%EB%8F%84%20%EB%B6%80%EC%97%AC%EA%B5%B0%20%EB%B0%B1%EB%A7%88%EA%B0%95,unmatched,0,,,,,,
plc_083,북한산,北漢山,서울특별시 북한산,서울특별시,,37.6586301,126.9780032,37.6585801,37.6586801,126.9779532,126.9780532,"https://www.google.com/maps/search/?api=1&query=37.6586301,126.9780032",https://map.naver.com/v5/search/%EC%84%9C%EC%9A%B8%ED%8A%B9%EB%B3%84%EC%8B%9C%20%EB%B6%81%ED%95%9C%EC%82%B0,nominatim,0.9,doc_0642|doc_0643|doc_0644|doc_0645|doc_0646|doc_0647|doc_0648|doc_0649|doc_0650|doc_0651|doc_0652|doc_0653|doc_0654|doc_0655,"북한산(백운대), 고양시, 경기도, 10582, 대한민국",771.66,23.25,206.36,
plc_084,백운대,白雲臺,서울특별시 북한산 백운대,서울특별시,강북구,37.6586301,126.9780032,37.6585801,37.6586801,126.9779532,126.9780532,"https://www.google.com/maps/search/?api=1&query=37.6586301,126.9780032",https://map.naver.com/v5/search/%EC%84%9C%EC%9A%B8%ED%8A%B9%EB%B3%84%EC%8B%9C%20%EB%B6%81%ED%95%9C%EC%82%B0%20%EB%B0%B1%EC%9A%B4%EB%8C%80,nominatim,0.9,,"북한산(백운대), 고양시, 경기도, 10582, 대한민국",771.66,23.25,206.36,
plc_085,인수봉,仁壽峰,서울특별시 북한산 인수봉,서울특별시,강북구,37.6602237,126.9801803,37.6601737,37.6602737,126.9801303,126.9802303,"https://www.google.com/maps/search/?api=1&query=37.6602237,126.9801803",https://map.naver.com/v5/search/%EC%84%9C%EC%9A%B8%ED%8A%B9%EB%B3%84%EC%8B%9C%20%EB%B6%81%ED%95%9C%EC%82%B0%20%EC%9D%B8%EC%88%98%EB%B4%89,nominatim,0.9,,"인수봉, 고양시, 경기도, 01000, 대한민국",767.33,18.65,47.19,
plc_086,만경대,萬景臺|국망봉,서울특별시 북한산 만경대,서울특별시,종로구,,,,,,,https://www.google.com/maps/search/?api=1&query=%EC%84%9C%EC%9A%B8%ED%8A%B9%EB%B3%84%EC%8B%9C%20%EB%B6%81%ED%95%9C%EC%82%B0%20%EB%A7%8C%EA%B2%BD%EB%8C%80,https://map.naver.com/v5/search/%EC%84%9C%EC%9A%B8%ED%8A%B9%EB%B3%84%EC%8B%9C%20%EB%B6%81%ED%95%9C%EC%82%B0%20%EB%A7%8C%EA%B2%BD%EB%8C%80,unmatched,0,,,,,,
plc_087,비봉,碑峰,서울특별시 북한산 비봉,서울특별시,종로구,,,,,,,https://www.google.com/maps/search/?api=1&query=%EC%84%9C%EC%9A%B8%ED%8A%B9%EB%B3%84%EC%8B%9C%20%EB%B6%81%ED%95%9C%EC%82%B0%20%EB%B9%84%EB%B4%89,https://map.naver.com/v5/search/%EC%84%9C%EC%9A%B8%ED%8A%B9%EB%B3%84%EC%8B%9C%20%EB%B6%81%ED%95%9C%EC%82%B0%20%EB%B9%84%EB%B4%89,unmatched,0,,,,,,
plc_088,선성,宣城,경상북도 안동시 도산면,경상북도,안동시,36.73688,128.84141,36.69688,36.77688,128.80141,128.88141,"https://www.google.com/maps/search/?api=1&query=36.73688,128.84141",https://map.naver.com/v5/search/%EA%B2%BD%EC%83%81%EB%B6%81%EB%8F%84%20%EC%95%88%EB%8F%99%EC%8B%9C%20%EB%8F%84%EC%82%B0%EB%A9%B4,nominatim,0.9,,"도산면, 안동시, 경상북도, 36604, 대한민국",213.65,8.61,15.95,
